SKU,Product Name,Product Type,Deck Category (Slide 3)
F-ABMAT,Force USA Ab Mat,Ab Mats,Functional Training
IT9514-IG,Impulse Abdominal 235lb Stack,Abdominal Machine,Functional Training
F-WS-UPGRADE-50lbs,Force USA Weight Stack Upgrade (1 x 22.5kg),Additional Weight Stack,Functional Training
AB-4102-BLU,REP Fitness Nighthawk Adjustable Bench,Adjustable Bench,Functional Training
AB-4102-MBLK,REP Fitness Nighthawk Adjustable Bench,Adjustable Bench,Functional Training
AB-4102-OLV,REP Fitness Nighthawk Adjustable Bench,Adjustable Bench,Functional Training
AB-4102-RED,REP Fitness Nighthawk Adjustable Bench,Adjustable Bench,Functional Training
AB-4102-WHT,REP Fitness Nighthawk Adjustable Bench,Adjustable Bench,Functional Training
AB-5200,REP Fitness AB-5200 2.0 Adjustable Bench,Adjustable Bench,Functional Training
AB-5300-IG,REP Fitness Blackwing Adjustable Bench,Adjustable Bench,Functional Training
F-BENCHPRESS,Force USA Adjustable Bench Press,Adjustable Bench,Functional Training
F-C10-SB,Force USA Sliding Bench,Adjustable Bench,Functional Training
F-COMFID-V3,Force USA Commercial FID Bench,Adjustable Bench,Functional Training
F-MR-FID-V2,Force USA FID Bench with Arm and Leg Developer,Adjustable Bench,Functional Training
F-PS-FID,Force USA Pro Series FID Bench,Adjustable Bench,Functional Training
F-SFID,Force USA Studio FID Bench,Adjustable Bench,Functional Training
F-SP3,Force USA SP3 FID Bench,Adjustable Bench,Functional Training
FID5,"Centr Multi-Adjustable Flat, Incline, Decline, Workout Bench",Adjustable Bench,Functional Training
IT7011,Impulse Ultimate Multi Adjustable Bench,Adjustable Bench,Functional Training
NAWU-1199,Nike Strength Adjustable Weight Bench,Adjustable Bench,Functional Training
501-00096-01,PowerBlock Elite EXP Stage 1,Adjustable Dumbbells,Functional Training
501-00097-01,PowerBlock Elite EXP Stage 2,Adjustable Dumbbells,Functional Training
501-00098-01,PowerBlock Elite EXP Stage 3,Adjustable Dumbbells,Functional Training
503-00099-04,PowerBlock Sport 24 - 2 x 11kg,Adjustable Dumbbells,Functional Training
503-00648-01,PowerBlock Sport EXP Stage 2 Kit,Adjustable Dumbbells,Functional Training
504-00183-03,PowerBlock Pro 100 EXP Knurl Stage 1,Adjustable Dumbbells,Functional Training
504-00185-01,PowerBlock Pro 100 EXP Stage 3,Adjustable Dumbbells,Functional Training
504-00186-01,PowerBlock Pro 100 EXP Stage 4,Adjustable Dumbbells,Functional Training
505-00120-01,PowerBlock Pro 32 - 2 x 14.5kg,Adjustable Dumbbells,Functional Training
750-00312-00,PowerBlock Pro 125 Commercial - 2 x 57.6kg,Adjustable Dumbbells,Functional Training
DIAK-1P27-IG,Nike Strength Adjustable Dumbbells,Adjustable Dumbbells,Functional Training
F-ODH,Force USA Olympic Dumbbell Handles,Adjustable Dumbbells,Functional Training
505-00119-01,PowerBlock Pro Commercial Upgrade Kit,Adjustable Dumbbells Attachment,Functional Training
IT9525-IG,Impulse Hi Low Pulley 235lb Stack,Adjustable Pulley Machine,Functional Training
IT9530-IG,Impulse Dual Adjustable Pulley,Adjustable Pulley Machine,Functional Training
F-C10,Force USA C10 All-In-One Trainer,All-In-One Trainer,Functional Training
F-C20,Force USA C20 All-In-One Trainer,All-In-One Trainer,Functional Training
F-G1-V2,Force USA G1® All-In-One Trainer,All-In-One Trainer,Functional Training
F-G12-V2,Force USA G12 All-In-One Trainer,All-In-One Trainer,Functional Training
F-G15-B,Force USA G15® All-In-One Trainer,All-In-One Trainer,Functional Training
F-G20-V2,Force USA G20 Pro™ All-In-One Trainer,All-In-One Trainer,Functional Training
F-G3-V2,Force USA G3® All-In-One Trainer,All-In-One Trainer,Functional Training
F-G4,Force USA G4 All-In-One Trainer,All-In-One Trainer,Functional Training
F-M10-150-IG,Force USA M10 All-In-One Trainer,All-In-One Trainer,Functional Training
F-M10-150-S-IG,Force USA M10 All-In-One Trainer,All-In-One Trainer,Functional Training
F-M10-200-IG,Force USA M10 All-In-One Trainer,All-In-One Trainer,Functional Training
F-M10-200-S-IG,Force USA M10 All-In-One Trainer,All-In-One Trainer,Functional Training
F-M10-PL-IG,Force USA M10 All-In-One Trainer,All-In-One Trainer,Functional Training
F-M10-PL-S-IG,Force USA M10 All-In-One Trainer,All-In-One Trainer,Functional Training
F-C10-ALU,Force USA Aluminium Pulley Upgrade,All-In-One Trainer Attachment,Functional Training
F-C10-M-CHART,Force USA C10 Magnetic Exercise Chart (Set),All-In-One Trainer Attachment,Functional Training
F-DIP-BAR,Force USA Dip Handle Bar (Pair),All-In-One Trainer Attachment,Functional Training
F-DIP-HANDLES,Force USA Dip Handles,All-In-One Trainer Attachment,Functional Training
F-FT-ALU,Force USA Aluminium Pulley Upgrade,All-In-One Trainer Attachment,Functional Training
F-FT-WSUPGRADE,Force USA Functional Trainer Weight Stack Upgrade (2 x 30kg),All-In-One Trainer Attachment,Functional Training
F-G1-V2-ALU,Force USA Aluminium Pulley Upgrade,All-In-One Trainer Attachment,Functional Training
F-G10&G15UPGRADE,Force USA G10® and G15® All-In-One-Trainer Upgrade Kit,All-In-One Trainer Attachment,Functional Training
F-G10-G15-SHELVES-TVM,Force USA G10 & G15 Shelves & TV Mount,All-In-One Trainer Attachment,Functional Training
F-G12-V2-ALU,Force USA Aluminium Pulley Upgrade,All-In-One Trainer Attachment,Functional Training
F-G15-ALU,Force USA Aluminium Pulley Upgrade,All-In-One Trainer Attachment,Functional Training
F-G20-V2-ALU,Force USA Aluminium Pulley Upgrade,All-In-One Trainer Attachment,Functional Training
F-G3-V2-ALU,Force USA Aluminium Pulley Upgrade,All-In-One Trainer Attachment,Functional Training
F-G6-B-ALU,Force USA Aluminium Pulley Upgrade,All-In-One Trainer Attachment,Functional Training
F-GS-LEG-EXT-CURL,Force USA Leg Extension and Curl Attachment,All-In-One Trainer Attachment,Functional Training
F-JAMMER-2,Force USA Jammer Arms,All-In-One Trainer Attachment,Functional Training
F-LATROWSEAT-2,Force USA Lat Pull Down Seat,All-In-One Trainer Attachment,Functional Training
F-LH-FP,Force USA Leg Holder and Low Row Footplate,All-In-One Trainer Attachment,Functional Training
F-SB-TT,Force USA Tandem Tower Sliding Bench Attachment,All-In-One Trainer Attachment,Functional Training
F-SPOTTER-3,Force USA Spotter Arm (Pair),All-In-One Trainer Attachment,Functional Training
F-X15-X20-V2-ALU,Force USA Aluminium Pulley Upgrade,All-In-One Trainer Attachment,Functional Training
F-F100SP,Force USA F100 Starter Package,All-In-One Trainer Package,Functional Training
F-G12BP,Force USA G12 Starter Package,All-In-One Trainer Package,Functional Training
F-G12SP,Force USA G12 Studio Package,All-In-One Trainer Package,Functional Training
F-G15BP,Force USA G15 Starter Package,All-In-One Trainer Package,Functional Training
F-G15SP-V2,Force USA G15 Studio Package,All-In-One Trainer Package,Functional Training
F-G1BP,Force USA G1 Starter Package,All-In-One Trainer Package,Functional Training
F-G1SP,Force USA G1 Studio Package,All-In-One Trainer Package,Functional Training
F-G20-V2-BP,Force USA G20 Starter Package,All-In-One Trainer Package,Functional Training
F-G20SP,Force USA G20 Studio Package,All-In-One Trainer Package,Functional Training
F-G3-V2-BP,Force USA G3 Starter Package,All-In-One Trainer Package,Functional Training
F-G3SP,Force USA G3 Studio Package,All-In-One Trainer Package,Functional Training
23-AS-1504-A,Assault Fitness Water Bottle/Phone Holder,AssaultBike Attachments,Functional Training
23-AS-586-A,Assault Fitness Pro Runner Water Bottle Phone Holder,AssaultBike Attachments,Functional Training
AS-ASSFIIT,Assault Fitness AssaultBike Classic FiiT Upgrade,AssaultBike Attachments,Functional Training
PART-AS-ASSAULT-ELITE-314,Assault Fitness Pro/Elite Bike Console,AssaultBike Attachments,Functional Training
PART-AS-ASSAULTB-14,Assault Fitness AssaultBike Console/Computer,AssaultBike Attachments,Functional Training
PART-AS-ASSAULTB-17,Assault Fitness Crank Arm - Right PP,AssaultBike Attachments,Functional Training
PART-AS-ASSAULTB-24,"Assault Fitness Chain - Right Side w/Universal Link 1/2"" x 1/8"" x 64 Links",AssaultBike Attachments,Functional Training
PART-AS-ASSAULTB-25,"Assault Fitness Chain - Left Side w/Universal Link 2016+ 1/2"" x 1/8"" x 98 Links",AssaultBike Attachments,Functional Training
PART-AS-ASSAULTB-40,Assault Fitness Bell Crank - Left PP,AssaultBike Attachments,Functional Training
PART-AS-ASSAULTB-42,Assault Fitness Crank Arm/Bell Crank Fixing Bolt - 8mm (42),AssaultBike Attachments,Functional Training
PART-AS-ASSAULTB-62-ASSEMBLED,Assault Fitness 23-AS-062 Assembly Part#60 Bracket & Part#62 Speed Sensor,AssaultBike Attachments,Functional Training
PART-AS-ASSAULTB-89,Assault Fitness Wind Screen,AssaultBike Attachments,Functional Training
F-S-ACUD,Force USA Solitude Assisted Chin-Up / Dip Machine,Assisted Chin/Dip Combo Machine,Functional Training
IT7010EOPT,Impulse Optional Chin Up Attachment (Fits onto IT7010),Assisted Chin/Dip Combo Machine,Functional Training
IT9520-IG,Impulse Assisted Chin/Dip Combo 235Lb Stack,Assisted Chin/Dip Combo Machine,Functional Training
F-ALUOLYLOCK,Force USA Aluminium Olympic Lock Collars - Pair,Barbell Collars,Functional Training
F-OLYLOCK,Force USA Olympic Quick Lock Collars - Pair,Barbell Collars,Functional Training
F-STANLOCK,Force USA Standard Quick Lock Collars - Pair,Barbell Collars,Functional Training
F-XCALIBUR-BLACK,Force USA Xcalibur Olympic Collars,Barbell Collars,Functional Training
F-XCALIBUR-BLUE,Force USA Xcalibur Olympic Collars,Barbell Collars,Functional Training
F-XCALIBUR-SILVER,Force USA Xcalibur Olympic Collars,Barbell Collars,Functional Training
OSC,Force USA Olympic Spring Collars - Pair,Barbell Collars,Functional Training
ZCAU-0199,Nike Strength Barbell Collars,Barbell Collars,Functional Training
ZCAU-1399,Nike Strength Barbell Collars,Barbell Collars,Functional Training
ZCAU-1A99,Nike Strength Barbell Collars,Barbell Collars,Functional Training
ZCAU-A199,Nike Strength Barbell Collars,Barbell Collars,Functional Training
ZCAU-V199,Nike Strength Barbell Collars,Barbell Collars,Functional Training
MS7041-WX,Impulse MS Series Barbell Lifter,Barbell Lifter,Functional Training
F-PGBPACK5,Force USA 160kg Pro Bumper Plate Package 5,Barbell Package,Functional Training
F-PGBPACK6,Force USA 220kg Pro Bumper Plate Package 6,Barbell Package,Functional Training
F-UTBPPACK1,Force USA 170kg Bumper Plate Package,Barbell Package,Functional Training
F-UTBPPACK2,Force USA 320kg Bumper Plate Package 2,Barbell Package,Functional Training
F-UTBPPACK3,Force USA 115kg Bumper Plate Package 3,Barbell Package,Functional Training
F-UTBPPACK4,Force USA 80kg Bumper Plate Package 4,Barbell Package,Functional Training
OBT-PACK,195kg Barbell & Weights Pack,Barbell Package,Functional Training
PACKAGE-NIKE-10-IG,Nike Strength Barbell and Grind Plate Set,Barbell Package,Functional Training
PACKAGE-NIKE-11-IG,Nike Strength Barbell and Grind Plate Set,Barbell Package,Functional Training
PACKAGE-NIKE-12-IG,Nike Strength Barbell and Grind Plate Set,Barbell Package,Functional Training
PACKAGE-NIKE-6-IG,Nike Strength Barbell and Rubber Plate Set,Barbell Package,Functional Training
PACKAGE-NIKE-7-IG,Nike Strength Barbell and Rubber Plate Set,Barbell Package,Functional Training
PACKAGE-NIKE-8-IG,Nike Strength Barbell and Rubber Plate Set,Barbell Package,Functional Training
F-BP,Force USA Barbell Pad,Barbell Pads,Functional Training
300ROLY.2,Centr 300 LB (136 KG) Olympic Set With Bar Caps,Barbell Sets and Packages,Functional Training
F-FIXEDCURLBARBELLSET,Force USA Fixed Curl Barbell Set and Stand,Barbell Sets and Packages,Functional Training
F-FIXEDSTBARBELLSET,Force USA Fixed Straight Barbell Set and Stand,Barbell Sets and Packages,Functional Training
MS44-WX,Impulse MS Series Barbell/Utility Plateform Storage Attachment,Barbell Storage,Functional Training
CBR,Centr Battle Rope,Battle Rope,Functional Training
F-BROPE15,Force USA 15m Battle Rope,Battle Rope,Functional Training
HBR,CENTR X HYROX Competition Power Rope,Battle Rope,Functional Training
IFP1615-WX,Impulse IFP1615 Belt Squat,Belt Squat,Functional Training
AB-5000-01,REP Fitness Leg Roller for AB-5000 Bench,Bench Attachment,Functional Training
F-S-BT,Force USA Solitude Bicep / Tricep Machine,Bicep Curl/Tricep Extension Machine,Functional Training
IT9503-IG,Impulse Arm Curl 235lb Stack,Bicep Curl/Tricep Extension Machine,Functional Training
PL9023-IG,Impulse Studio Biceps/Triceps,Bicep Curl/Tricep Extension Machine,Functional Training
PBP12V19B01,PUNCH Equipment Trophy Getters Boxing Belly Pad - Black/White,Boxing Belly Pad,Functional Training
WFPGSBV30,PUNCH Equipment Womens Boxing Focus Pads - Skull Art - Black,Boxing Focus Pads,Functional Training
PBG11UMEXB12V31,PUNCH Equipment Mexican Fuerte Ultra Boxing Gloves,Boxing Gloves,Functional Training
PBG11UMEXB16V31,PUNCH Equipment Mexican Fuerte Ultra Boxing Gloves,Boxing Gloves,Functional Training
PBG11UMEXW16V31,PUNCH Equipment Mexican Fuerte Ultra Boxing Gloves,Boxing Gloves,Functional Training
PBG5BWOZ08,PUNCH Equipment Trophy Getters® Commercial Boxing Gloves - Black,Boxing Gloves,Functional Training
PBG5BWOZ10,PUNCH Equipment Trophy Getters® Commercial Boxing Gloves - Black,Boxing Gloves,Functional Training
PBG5BWOZ12,PUNCH Equipment Trophy Getters® Commercial Boxing Gloves - Black,Boxing Gloves,Functional Training
PBG5BWOZ14,PUNCH Equipment Trophy Getters® Commercial Boxing Gloves - Black,Boxing Gloves,Functional Training
PBG5BWOZ16,PUNCH Equipment Trophy Getters® Commercial Boxing Gloves - Black,Boxing Gloves,Functional Training
PBG5BWOZ18,PUNCH Equipment Trophy Getters® Commercial Boxing Gloves - Black,Boxing Gloves,Functional Training
PBG622JB6V30,PUNCH Equipment Kids/Junior AAA Boxing Gloves - 6oz Black,Boxing Gloves,Functional Training
PBG95BOOZ12,PUNCH Equipment Black Diamond Muay Thai Boxing Gloves,Boxing Gloves,Functional Training
PBG95BOOZ16,PUNCH Equipment Black Diamond Muay Thai Boxing Gloves,Boxing Gloves,Functional Training
PBM1BW01,PUNCH Equipment Bag Busters® Boxing Mitts - Black,Boxing Gloves,Functional Training
PBM1BW02,PUNCH Equipment Bag Busters® Boxing Mitts - Black,Boxing Gloves,Functional Training
PBM1BW03,PUNCH Equipment Bag Busters® Boxing Mitts - Black,Boxing Gloves,Functional Training
PBM1BW04,PUNCH Equipment Bag Busters® Boxing Mitts - Black,Boxing Gloves,Functional Training
PBM4BW02,PUNCH Equipment Pro Bag Busters® Commercial Boxing Mitts - Black / White,Boxing Gloves,Functional Training
PBM4BW03,PUNCH Equipment Pro Bag Busters® Commercial Boxing Mitts - Black / White,Boxing Gloves,Functional Training
UBGB10V30,PUNCH Equipment Urban Boxing Gloves - Black,Boxing Gloves,Functional Training
UBGB12OZ,PUNCH Equipment Urban Boxing Gloves - Black,Boxing Gloves,Functional Training
UBGB16V30,PUNCH Equipment Urban Boxing Gloves - Black,Boxing Gloves,Functional Training
WBGGCMB12V31,PUNCH Equipment Womens Boxing Gloves - 12oz,Boxing Gloves,Functional Training
WBGGLIPB12V30,PUNCH Equipment Womens Boxing Gloves - 12oz,Boxing Gloves,Functional Training
CGTR,Force USA Close Grip Triangle,Cable Attachment,Functional Training
F-A-D-HANDLE,Force USA Single Knurled Handle (Pair),Cable Attachment,Functional Training
F-A-EZCURL,Force USA Revolving EZ Curl Bar,Cable Attachment,Functional Training
F-A-LAT-BAR,Force USA Aluminium Lat Pulldown Bar,Cable Attachment,Functional Training
F-A-SHORT-BAR,Force USA Aluminium Short Straight Bar,Cable Attachment,Functional Training
F-AC1,Force USA Ankle Cuff Pair,Cable Attachment,Functional Training
F-ANKLECUFF-2,Force USA Ankle Cuffs (Pair),Cable Attachment,Functional Training
F-BW-STRAP,Force USA Bodyweight Assist Strap,Cable Attachment,Functional Training
F-CGL,Force USA Close Grip Triangle / Landmine Handle,Cable Attachment,Functional Training
F-DCC,Force USA Dual Cable Connector,Cable Attachment,Functional Training
F-MAG-SET,Force USA Mag Grip Set,Cable Attachment,Functional Training
F-MULTI-LAT-BAR,Force USA Multi-Grip Lat Pulldown Bar,Cable Attachment,Functional Training
F-RCBR,Force USA Revolving Curl Row Bar,Cable Attachment,Functional Training
F-RCGVB,Force USA Close Grip V Bar,Cable Attachment,Functional Training
F-RDHPDB,Force USA Revolving D Handle Pulldown Bar,Cable Attachment,Functional Training
F-RLPDB,Force USA Lat Pulldown Bar,Cable Attachment,Functional Training
F-RSB,Force USA Revolving Straight Bar,Cable Attachment,Functional Training
F-SSHRG,Force USA Single Stirrup Handle With Rubber Grips,Cable Attachment,Functional Training
F-TPDB,Force USA Tricep Press Down Bar,Cable Attachment,Functional Training
F-TR,Force USA Tricep Rope,Cable Attachment,Functional Training
FTA-5040-PS,REP Fitness Pro Series Straight Bar,Cable Attachment,Functional Training
FTA-5060-PS,"REP Fitness Pro Series 48"" Solid Lat Bar",Cable Attachment,Functional Training
FTA-5065-PS,REP Fitness Pro Series Neutral Grip Lat Bar,Cable Attachment,Functional Training
FTA-5075-PS,REP Fitness Cable Attachment - Triangle Rowing Attachment Pro Series,Cable Attachment,Functional Training
FTA-5090-PS,REP Fitness Pro Series D Cable Handle,Cable Attachment,Functional Training
F-SRBase,Force USA Storage Rack Base,Cable Attachment Storage,Functional Training
F-SRPro,Force USA Storage Rack Pro,Cable Attachment Storage,Functional Training
F-MYRACK-CROSS,Force USA MyRack Cable Crossover Option (Single Side),Cable Crossover Attachment,Functional Training
F-TT-CB-IG,Force USA Tandem Tower Cross Beam Connector Set,Cable Crossover Attachment,Functional Training
IT9527OPT,Impulse Cable Cross Over Attachment,Cable Crossover Attachment,Functional Training
CALFBLK,Force USA Calf Block,Calf Machine,Functional Training
IFP1623-WX,Impulse IFP1623 Seated Calf Raise,Calf Machine,Functional Training
IT7005,Impulse Ultimate Seated Calf Raise,Calf Machine,Functional Training
IT9516-IG,Impulse Calf Raise 235lb Stack,Calf Machine,Functional Training
IF9329-IG,Impulse IF9329 Multi Bench Press,Chest Press Machine,Functional Training
IFP1201-WX,Impulse IFP1201 Seated Chest Press,Chest Press Machine,Functional Training
IT9501-IG,Impulse Chest Press 235lb Stack,Chest Press Machine,Functional Training
PL9021-IG,Impulse Studio Multi Press,Chest Press Machine,Functional Training
F-COREBAG10,Force USA Endurance Core Bag,Core Bags,Functional Training
F-COREBAG15,Force USA Endurance Core Bag,Core Bags,Functional Training
F-COREBAG20,Force USA Endurance Core Bag,Core Bags,Functional Training
F-COREBAG5,Force USA Endurance Core Bag,Core Bags,Functional Training
HSPCF35/MS32,Impulse MS Series Platform,Deadlifting Platform,Functional Training
SE5031/MS31,Impulse MS Series Platform,Deadlifting Platform,Functional Training
IT7016,Impulse Ultimate Decline Bench Press,Decline Bench Press Machine,Functional Training
IT7010,Impulse Ultimate Vertical Knee Raise,Dip Station,Functional Training
IT9517-IG,Impulse Seated Dip 235lb Stack,Dip Station,Functional Training
PACKAGE-NIKE-1-IG,Nike Strength Dumbbell Tree Set,Dumbbell Package,Functional Training
PACKAGE-NIKE-2-IG,Nike Strength Grind Dumbbell Tree Set,Dumbbell Package,Functional Training
PACKAGE-NIKE-5-IG,Nike Strength Grind Dumbbell Rack Set,Dumbbell Package,Functional Training
600-00140-00,PowerBlock Large Compact Stand,Dumbbell Rack & Storage,Functional Training
600-00184-00,PowerBlock PowerStand,Dumbbell Rack & Storage,Functional Training
600-00185-00,PowerBlock PowerMax Stand,Dumbbell Rack & Storage,Functional Training
DBA-6000-MAT-PBH,REP Fitness Dumbbell Storage Cart,Dumbbell Rack & Storage,Functional Training
DBA-6000-MBLK-PBH,REP Fitness Dumbbell Storage Cart,Dumbbell Rack & Storage,Functional Training
DBA-6000-WHT-PBH,REP Fitness Dumbbell Storage Cart,Dumbbell Rack & Storage,Functional Training
DBA-7000-01-MBLK,REP Fitness REP® Adjustable Dumbbell Stand,Dumbbell Rack & Storage,Functional Training
DBA-7000-01-WHT,REP Fitness REP® Adjustable Dumbbell Stand,Dumbbell Rack & Storage,Functional Training
DRV10,Force USA Vertical Dumbbell Rack (10 Pairs),Dumbbell Rack & Storage,Functional Training
F-DRACK3T,Force USA 3 Tier Dumbbell Rack,Dumbbell Rack & Storage,Functional Training
F-FIXEDSETSTAND,Force USA Fixed Barbell Stand,Dumbbell Rack & Storage,Functional Training
F-VDR-5-30,Force USA Vertical Dumbbell Rack 5-30kg (11 Pairs),Dumbbell Rack & Storage,Functional Training
MS704005-WX,Impulse MS Series Dumbbell Storage,Dumbbell Rack & Storage,Functional Training
SDAD-1165,Nike Strength Adjustable Dumbbell Stand,Dumbbell Rack & Storage,Functional Training
SDKS-1199,Nike Strength Kettlebell & Dumbbell Storage Rack,Dumbbell Rack & Storage,Functional Training
SDSL-1199,Nike Strength Dumbbell Storage Rack,Dumbbell Rack & Storage,Functional Training
SSDT-1099,Nike Strength Dumbbell Tree,Dumbbell Rack & Storage,Functional Training
SUDS-1299,Nike Strength Pro Urethane Dumbbell Rack,Dumbbell Rack & Storage,Functional Training
RHD1-10R,Force USA 1-10kg Rubber Hexagonal Dumbbell Set,Dumbbell Sets,Functional Training
RHD1-20-IG,1-20kg Rubber Hex Dumbbell & 3 Tier Rack Package,Dumbbell Sets & Packages,Functional Training
GAF-MAT,Gym and Fitness Equipment Mat,Equipment Mat,Functional Training
CBPRO 55CM PEARL VIOLET,PTP Coreball - 55 CM | Pearl Violet,Exercise Ball,Functional Training
CBPRO 75CM STEEL GREY,PTP Coreball - 75 CM | Steel Grey,Exercise Ball,Functional Training
DGHK-1101,Nike Strength Grind Dumbbell (Sold Individually),Fixed Dumbbells,Functional Training
DGHK-1102,Nike Strength Grind Dumbbell (Sold Individually),Fixed Dumbbells,Functional Training
DGHK-1103,Nike Strength Grind Dumbbell (Sold Individually),Fixed Dumbbells,Functional Training
DGHK-1104,Nike Strength Grind Dumbbell (Sold Individually),Fixed Dumbbells,Functional Training
DGHK-1105,Nike Strength Grind Dumbbell (Sold Individually),Fixed Dumbbells,Functional Training
DGHK-1106,Nike Strength Grind Dumbbell (Sold Individually),Fixed Dumbbells,Functional Training
DGHK-1107,Nike Strength Grind Dumbbell (Sold Individually),Fixed Dumbbells,Functional Training
DGHK-1108,Nike Strength Grind Dumbbell (Sold Individually),Fixed Dumbbells,Functional Training
DGHK-1109,Nike Strength Grind Dumbbell (Sold Individually),Fixed Dumbbells,Functional Training
DGHK-1110,Nike Strength Grind Dumbbell (Sold Individually),Fixed Dumbbells,Functional Training
DGHK-1112,Nike Strength Grind Dumbbell (Sold Individually),Fixed Dumbbells,Functional Training
DGHK-1115,Nike Strength Grind Dumbbell (Sold Individually),Fixed Dumbbells,Functional Training
DGHK-1117,Nike Strength Grind Dumbbell (Sold Individually),Fixed Dumbbells,Functional Training
DGHK-1120,Nike Strength Grind Dumbbell (Sold Individually),Fixed Dumbbells,Functional Training
DGHK-1122,Nike Strength Grind Dumbbell (Sold Individually),Fixed Dumbbells,Functional Training
DGHK-1125,Nike Strength Grind Dumbbell (Sold Individually),Fixed Dumbbells,Functional Training
DGHK-1127,Nike Strength Grind Dumbbell (Sold Individually),Fixed Dumbbells,Functional Training
DGHK-1130,Nike Strength Grind Dumbbell (Sold Individually),Fixed Dumbbells,Functional Training
DGHK-1132,Nike Strength Grind Dumbbell (Sold Individually),Fixed Dumbbells,Functional Training
DGHK-1135,Nike Strength Grind Dumbbell (Sold Individually),Fixed Dumbbells,Functional Training
DRCK-1001,Nike Strength Pro Urethane Dumbbells (Sold Individually),Fixed Dumbbells,Functional Training
DRCK-1002,Nike Strength Pro Urethane Dumbbells (Sold Individually),Fixed Dumbbells,Functional Training
DRCK-1003,Nike Strength Pro Urethane Dumbbells (Sold Individually),Fixed Dumbbells,Functional Training
DRCK-1004,Nike Strength Pro Urethane Dumbbells (Sold Individually),Fixed Dumbbells,Functional Training
DRCK-1005,Nike Strength Pro Urethane Dumbbells (Sold Individually),Fixed Dumbbells,Functional Training
DRCK-1006,Nike Strength Pro Urethane Dumbbells (Sold Individually),Fixed Dumbbells,Functional Training
DRCK-1007,Nike Strength Pro Urethane Dumbbells (Sold Individually),Fixed Dumbbells,Functional Training
DRCK-1008,Nike Strength Pro Urethane Dumbbells (Sold Individually),Fixed Dumbbells,Functional Training
DRCK-1009,Nike Strength Pro Urethane Dumbbells (Sold Individually),Fixed Dumbbells,Functional Training
DRCK-1010,Nike Strength Pro Urethane Dumbbells (Sold Individually),Fixed Dumbbells,Functional Training
DRCK-1012,Nike Strength Pro Urethane Dumbbells (Sold Individually),Fixed Dumbbells,Functional Training
DRCK-1014,Nike Strength Pro Urethane Dumbbells (Sold Individually),Fixed Dumbbells,Functional Training
DRCK-1016,Nike Strength Pro Urethane Dumbbells (Sold Individually),Fixed Dumbbells,Functional Training
DRCK-1018,Nike Strength Pro Urethane Dumbbells (Sold Individually),Fixed Dumbbells,Functional Training
DRCK-1020,Nike Strength Pro Urethane Dumbbells (Sold Individually),Fixed Dumbbells,Functional Training
DRCK-1022,Nike Strength Pro Urethane Dumbbells (Sold Individually),Fixed Dumbbells,Functional Training
DRCK-1024,Nike Strength Pro Urethane Dumbbells (Sold Individually),Fixed Dumbbells,Functional Training
DRCK-1026,Nike Strength Pro Urethane Dumbbells (Sold Individually),Fixed Dumbbells,Functional Training
DRCK-1028,Nike Strength Pro Urethane Dumbbells (Sold Individually),Fixed Dumbbells,Functional Training
DRCK-1030,Nike Strength Pro Urethane Dumbbells (Sold Individually),Fixed Dumbbells,Functional Training
DRCK-1032,Nike Strength Pro Urethane Dumbbells (Sold Individually),Fixed Dumbbells,Functional Training
DRCK-1034,Nike Strength Pro Urethane Dumbbells (Sold Individually),Fixed Dumbbells,Functional Training
DRCK-1036,Nike Strength Pro Urethane Dumbbells (Sold Individually),Fixed Dumbbells,Functional Training
DRCK-1038,Nike Strength Pro Urethane Dumbbells (Sold Individually),Fixed Dumbbells,Functional Training
DRCK-1040,Nike Strength Pro Urethane Dumbbells (Sold Individually),Fixed Dumbbells,Functional Training
DRDK-1001,Nike Strength Dumbbells (Sold Individually),Fixed Dumbbells,Functional Training
DRDK-1002,Nike Strength Dumbbells (Sold Individually),Fixed Dumbbells,Functional Training
DRDK-1003,Nike Strength Dumbbells (Sold Individually),Fixed Dumbbells,Functional Training
DRDK-1004,Nike Strength Dumbbells (Sold Individually),Fixed Dumbbells,Functional Training
DRDK-1005,Nike Strength Dumbbells (Sold Individually),Fixed Dumbbells,Functional Training
DRDK-1006,Nike Strength Dumbbells (Sold Individually),Fixed Dumbbells,Functional Training
DRDK-1007,Nike Strength Dumbbells (Sold Individually),Fixed Dumbbells,Functional Training
DRDK-1008,Nike Strength Dumbbells (Sold Individually),Fixed Dumbbells,Functional Training
DRDK-1009,Nike Strength Dumbbells (Sold Individually),Fixed Dumbbells,Functional Training
DRDK-1010,Nike Strength Dumbbells (Sold Individually),Fixed Dumbbells,Functional Training
DRDK-1012,Nike Strength Dumbbells (Sold Individually),Fixed Dumbbells,Functional Training
DRDK-1015,Nike Strength Dumbbells (Sold Individually),Fixed Dumbbells,Functional Training
DRDK-1017,Nike Strength Dumbbells (Sold Individually),Fixed Dumbbells,Functional Training
DRDK-1020,Nike Strength Dumbbells (Sold Individually),Fixed Dumbbells,Functional Training
DRDK-1022,Nike Strength Dumbbells (Sold Individually),Fixed Dumbbells,Functional Training
RHD1,Force USA Rubber Hex Dumbbells - ALL SIZES (Sold individually),Fixed Dumbbells,Functional Training
RHD10,Force USA Rubber Hex Dumbbells - ALL SIZES (Sold individually),Fixed Dumbbells,Functional Training
RHD12.5,Force USA Rubber Hex Dumbbells - ALL SIZES (Sold individually),Fixed Dumbbells,Functional Training
RHD15,Force USA Rubber Hex Dumbbells - ALL SIZES (Sold individually),Fixed Dumbbells,Functional Training
RHD17.5,Force USA Rubber Hex Dumbbells - ALL SIZES (Sold individually),Fixed Dumbbells,Functional Training
RHD2,Force USA Rubber Hex Dumbbells - ALL SIZES (Sold individually),Fixed Dumbbells,Functional Training
RHD20,Force USA Rubber Hex Dumbbells - ALL SIZES (Sold individually),Fixed Dumbbells,Functional Training
RHD22.5,Force USA Rubber Hex Dumbbells - ALL SIZES (Sold individually),Fixed Dumbbells,Functional Training
RHD25,Force USA Rubber Hex Dumbbells - ALL SIZES (Sold individually),Fixed Dumbbells,Functional Training
RHD27.5,Force USA Rubber Hex Dumbbells - ALL SIZES (Sold individually),Fixed Dumbbells,Functional Training
RHD3,Force USA Rubber Hex Dumbbells - ALL SIZES (Sold individually),Fixed Dumbbells,Functional Training
RHD30,Force USA Rubber Hex Dumbbells - ALL SIZES (Sold individually),Fixed Dumbbells,Functional Training
RHD32.5,Force USA Rubber Hex Dumbbells - ALL SIZES (Sold individually),Fixed Dumbbells,Functional Training
RHD35,Force USA Rubber Hex Dumbbells - ALL SIZES (Sold individually),Fixed Dumbbells,Functional Training
RHD37.5,Force USA Rubber Hex Dumbbells - ALL SIZES (Sold individually),Fixed Dumbbells,Functional Training
RHD4,Force USA Rubber Hex Dumbbells - ALL SIZES (Sold individually),Fixed Dumbbells,Functional Training
RHD40,Force USA Rubber Hex Dumbbells - ALL SIZES (Sold individually),Fixed Dumbbells,Functional Training
RHD42.5,Force USA Rubber Hex Dumbbells - ALL SIZES (Sold individually),Fixed Dumbbells,Functional Training
RHD45,Force USA Rubber Hex Dumbbells - ALL SIZES (Sold individually),Fixed Dumbbells,Functional Training
RHD47.5,Force USA Rubber Hex Dumbbells - ALL SIZES (Sold individually),Fixed Dumbbells,Functional Training
RHD5,Force USA Rubber Hex Dumbbells - ALL SIZES (Sold individually),Fixed Dumbbells,Functional Training
RHD50,Force USA Rubber Hex Dumbbells - ALL SIZES (Sold individually),Fixed Dumbbells,Functional Training
RHD55,Force USA Rubber Hex Dumbbells - ALL SIZES (Sold individually),Fixed Dumbbells,Functional Training
RHD6,Force USA Rubber Hex Dumbbells - ALL SIZES (Sold individually),Fixed Dumbbells,Functional Training
RHD60,Force USA Rubber Hex Dumbbells - ALL SIZES (Sold individually),Fixed Dumbbells,Functional Training
RHD65,Force USA Rubber Hex Dumbbells - ALL SIZES (Sold individually),Fixed Dumbbells,Functional Training
RHD7,Force USA Rubber Hex Dumbbells - ALL SIZES (Sold individually),Fixed Dumbbells,Functional Training
RHD70,Force USA Rubber Hex Dumbbells - ALL SIZES (Sold individually),Fixed Dumbbells,Functional Training
RHD8,Force USA Rubber Hex Dumbbells - ALL SIZES (Sold individually),Fixed Dumbbells,Functional Training
RHD9,Force USA Rubber Hex Dumbbells - ALL SIZES (Sold individually),Fixed Dumbbells,Functional Training
BFWL-1199,Nike Strength Flat Weight Bench,Flat Bench,Functional Training
F-PS-FLAT,Force USA Pro Series Flat Bench,Flat Bench,Functional Training
F-SP1,Force USA SP1 Flat Bench,Flat Bench,Functional Training
FB-5000-MBLK,REP Fitness FB-5000 Competition Flat Bench,Flat Bench,Functional Training
IT7009,Impulse Ultimate Flat Bench,Flat Bench,Functional Training
IT7014,Impulse Ultimate Flat Bench Press,Flat Bench,Functional Training
NRWL-1099,Nike Strength Rolling Weight Bench,Flat Bench,Functional Training
NRWL-1199,Nike Strength Rolling Weight Bench,Flat Bench,Functional Training
F-FOAMPLYO,Force USA Foam Plyo Box,Foam Boxes,Functional Training
F-FTR,Force USA Functional Trainer Rack,Functional Rack,Functional Training
F-MYRACK-BASE,Force USA MyRack Base Unit,Functional Rack,Functional Training
ANKER-3-001-150LB,Torque USA Anker 3,Functional Trainer,Functional Training
ANKER-7-001-225LB,Torque USA Anker 7,Functional Trainer,Functional Training
CENTR1-IG,Centr 1 Home Gym Functional Trainer,Functional Trainer,Functional Training
CENTR2-IG,Centr 2 Home Gym Functional Trainer,Functional Trainer,Functional Training
CENTR3-IG,Centr 3 Home Gym Functional Trainer with Selectorized Smith Bar,Functional Trainer,Functional Training
F-FT,Force USA Functional Trainer,Functional Trainer,Functional Training
F-TT,Force USA Tandem Tower,Functional Trainer,Functional Training
F9-003-225LB,Torque USA Free-Standing F9 Fold-Away Functional Trainer,Functional Trainer,Functional Training
FT-3500,REP Fitness Arcadia Functional Trainer,Functional Trainer,Functional Training
CBWTK,Centr Bodyweight Training Kit,Functional Training Package,Functional Training
CCK.1.1,Centr Core Kit,Functional Training Package,Functional Training
CRK1.1,Centr Recovery Kit,Functional Training Package,Functional Training
F-FUNC2,Force USA Slam Ball Functional Training Package,Functional Training Package,Functional Training
F-FUNC5,Force USA Functional Training Package,Functional Training Package,Functional Training
F-GHD,Force USA Commercial GHR/GHD,Glute Ham Raise / Developer (GHR / GHD),Functional Training
F-DUFFELBAG,Force USA Duffel Bag/Backpack,Gym Bag,Functional Training
F-LIQUIDCHALK,Force USA Liquid Weight Lifting Chalk - 250ml Bottle,Gym Chalk,Functional Training
F-POWDERCHALK,Force USA Powder Weight Lifting Chalk - Block,Gym Chalk,Functional Training
F-SLED,Force USA Sled,Gym Sled,Functional Training
XTPT-101,Torque USA TANK™ POWER TETHER,Gym Sled,Functional Training
XTSA-101,Torque USA TANK™ SWIVEL ATTACHMENT FOR M4/MX,Gym Sled,Functional Training
XTTM1-RPH-103,Torque USA TANK™ M1 Push Sled,Gym Sled,Functional Training
XTTM1S-MPH-101,Torque USA TANK M1S Push Sled With Multi-Position Handles (TANK® M1S),Gym Sled,Functional Training
XTTM3C-101,Torque USA TANK M3 Push Sled With Console & Multi-Position Handles,Gym Sled,Functional Training
XTTM4-PH-102,Torque USA TANK™ M4 Push Sled,Gym Sled,Functional Training
XTTMX-RPH-101,Torque USA Tank™ MX,Gym Sled,Functional Training
ZSAS-1099,Nike Strength Weight Sled,Gym Sled,Functional Training
F-PRS-PKG1,Force USA Power Rack Strength Package 1,Gym Starter Package,Functional Training
F-PRS-PKG2,Force USA Power Rack Strength Package 2,Gym Starter Package,Functional Training
PACKAGE-NIKE-20-IG,Nike Strength Alpha Home Gym Setup - Squat Stand,Gym Starter Package,Functional Training
PACKAGE-NIKE-21-IG,Nike Strength Alpha Home Gym Setup - Squat Rack,Gym Starter Package,Functional Training
PACKAGE-NIKE-22-IG,Nike Strength Alpha Home Gym Setup - Squat Cage,Gym Starter Package,Functional Training
PACKAGE-NIKE-23-IG,Nike Strength Alpha Home Gym Setup - Half Rack,Gym Starter Package,Functional Training
PACKAGE-NIKE-24-IG,Nike Strength Alpha Home Gym Setup - Squat Stand,Gym Starter Package,Functional Training
PACKAGE-NIKE-25-IG,Nike Strength Alpha Home Gym Setup - Squat Rack,Gym Starter Package,Functional Training
PACKAGE-NIKE-26-IG,Nike Strength Alpha Home Gym Setup - Squat Cage,Gym Starter Package,Functional Training
PACKAGE-NIKE-27-IG,Nike Strength Alpha Home Gym Setup - Half Rack,Gym Starter Package,Functional Training
UCIW01V30,PUNCH Equipment Urban Cotton Inners V30 - 1 Pair,Hand Wraps,Functional Training
UCIW02V30,PUNCH Equipment Urban Cotton Inners V30 - 1 Pair,Hand Wraps,Functional Training
UCIW03V30,PUNCH Equipment Urban Cotton Inners V30 - 1 Pair,Hand Wraps,Functional Training
UHWB01,PUNCH Equipment Urban Stretch Boxing Hand Wraps - 4 Metres - Black,Hand Wraps,Functional Training
UQWB01,PUNCH Equipment Urban Boxing Quick Wraps - Black,Hand Wraps,Functional Training
UQWB02,PUNCH Equipment Urban Boxing Quick Wraps - Black,Hand Wraps,Functional Training
UQWB03,PUNCH Equipment Urban Boxing Quick Wraps - Black,Hand Wraps,Functional Training
UHGOB02,PUNCH Equipment Urban Open Face Boxing Headgear,Head Guard,Functional Training
UHGOB03,PUNCH Equipment Urban Open Face Boxing Headgear,Head Guard,Functional Training
F-S-AAOIT,Force USA Solitude Abductor / Adductor (Outer / Inner Thigh) Machine,Hip Abduction/Aduction Machine,Functional Training
IT9508-IG,Impulse Abductor/Adductor 200lb Stack,Hip Abduction/Aduction Machine,Functional Training
IT9509-IG,Impulse IT9509 Total Hip 200lbs,Hip and Glute Machine,Functional Training
IT9526-IG,Impulse Glute Rear Kick 200lb Stack,Hip and Glute Machine,Functional Training
IFP1619-WX,Impulse IFP1619 Reverse Hyper Extension,Hyperextension Machine,Functional Training
IT9529-IG,Impulse Multi Press 235Lb Stack,Incline Bench Press Machine,Functional Training
IF9322-IG,Impulse IF9322 Lat Pulldown,Lat Pull Down Machine,Functional Training
IFP1301-WX,Impulse IFP1301 Lat Pulldown,Lat Pull Down Machine,Functional Training
IT9502-IG,Impulse Lat Pull Down 235lb Stack,Lat Pull Down Machine,Functional Training
IT9522-IG,Impulse Lat Pulldown Seated Row 235lb Stack,Lat Pull Down Machine,Functional Training
PL9002-IG,Impulse Studio Lat Pulldown/Seated Row,Lat Pull Down Machine,Functional Training
IT9524-IG,Impulse Lateral Raise 235lb Stack,Lateral Raise Machine,Functional Training
IFP1604-WX,Impulse IFP1604 Prone Leg Curl,Leg Curl Machine,Functional Training
IT9506-IG,Impulse Seated Leg Curl 235lb Stack,Leg Curl Machine,Functional Training
IT9521-IG,Impulse Prone Leg Curl 235lb Stack,Leg Curl Machine,Functional Training
IFP1605-WX,Impulse IFP1605 Seated Leg Extension,Leg Extension Machine,Functional Training
F-S-LELC,Force USA Solitude Leg Extension / Leg Curl Machine,Leg Extension/Leg Curl Machine,Functional Training
IF9328-IG,Impulse IF9328 Leg Extension Leg Curl Combo,Leg Extension/Leg Curl Machine,Functional Training
IT9505-IG,Impulse Leg Extension 235lb Stack,Leg Extension/Leg Curl Machine,Functional Training
IT9528-IG,Impulse Leg Extension/Leg Curl 235lb Stack,Leg Extension/Leg Curl Machine,Functional Training
PL9019-IG,Impulse Studio Leg Extension/Leg Curl,Leg Extension/Leg Curl Machine,Functional Training
F-CLP-V3,Force USA Compact Leg Press & Hack Squat,Leg Press Machine,Functional Training
F-MLPHS-V2,Force USA Original Leg Press Hack Squat,Leg Press Machine,Functional Training
F-S-LP,Force USA Solitude Leg Press,Leg Press Machine,Functional Training
IT7006,Impulse Ultimate Leg Press/Hack Squat,Leg Press Machine,Functional Training
IT9510-IG,Impulse Leg Press 295Lb Stack,Leg Press Machine,Functional Training
PL9010-IG,Impulse Studio Leg Press/Calf Raise,Leg Press Machine,Functional Training
SL7020,Impulse Sterling SL7020 45° Leg Press,Leg Press Machine,Functional Training
F-MEDBALL3,Force USA Medicine Balls,Medicine Balls,Functional Training
F-MEDBALL5,Force USA Medicine Balls,Medicine Balls,Functional Training
F-MEDBALL7,Force USA Medicine Balls,Medicine Balls,Functional Training
F-MEDBALL9,Force USA Medicine Balls,Medicine Balls,Functional Training
IT7013,Impulse Ultimate Multi Ab Bench,Multi-Purpose Bench,Functional Training
QP-10212,WaterRower Laptop/Tablet Holder,Nohrd Attachment,Functional Training
QP-10213,WaterRower Laptop/Tablet Holder,Nohrd Attachment,Functional Training
BB-5010-BLK,REP Fitness Colorado Bar - 15kg,Olympic Barbells,Functional Training
BB-5020-BLK,REP Fitness Colorado Bar - 20kg,Olympic Barbells,Functional Training
BB-5110,REP Fitness Alpine Weightlifting Bar - 15kg,Olympic Barbells,Functional Training
BB-5120-SS,REP Fitness Alpine Weightlifting Bar - 20kg,Olympic Barbells,Functional Training
BB-5220-SS,REP Fitness Black Diamond Power Bar - 20kg,Olympic Barbells,Functional Training
BCAK-0220,Nike Strength Shield Barbell – 20kg,Olympic Barbells,Functional Training
BCAO-0315,Nike Strength Shield Barbell – 15kg Orange,Olympic Barbells,Functional Training
BCAO-0320,Nike Strength Shield Barbell – 20kg,Olympic Barbells,Functional Training
BCAR-0320,Nike Strength Shield Barbell – 20kg,Olympic Barbells,Functional Training
BCAV-0120,Nike Strength Shield Barbell – 20kg,Olympic Barbells,Functional Training
BSAK-0220,Nike Strength Black Chrome Swoosh Barbell 20 kg,Olympic Barbells,Functional Training
BSAP-0215,Nike Strength Chrome Swoosh Barbell - 15 KG,Olympic Barbells,Functional Training
BSAP-0220,Nike Strength Barbell 20 kg – Chrome Swoosh,Olympic Barbells,Functional Training
BSPK-0120,Nike Strength 1972 Power Bar – 20kg,Olympic Barbells,Functional Training
F-OB-FREEDOM-V2,Force USA 15kg Freedom Barbell,Olympic Barbells,Functional Training
F-OB-GUNNER-V2,Force USA The Gunner Barbell V2,Olympic Barbells,Functional Training
F-OB-RANGER-V2,Force USA The Ranger Barbell V2,Olympic Barbells,Functional Training
F-OLY-AZURE,Force USA 20kg Azure Olympic Barbell,Olympic Barbells,Functional Training
F-PS-BAR,Force USA Pro Series Barbell 20kg,Olympic Barbells,Functional Training
F-SHORTY,Force USA 15kg Shorty Barbell,Olympic Barbells,Functional Training
OB500-V2,Force USA 20kg 7ft Olympic Barbell,Olympic Barbells,Functional Training
F-STEELMUG,Force USA 4kg Steel Mug,Other Accessories,Functional Training
PH-MAG-101,Torque USA Magnetic Phone Holder,Other Accessories,Functional Training
BBA-4211-1,"REP Fitness Open Trap Bar Narrow 23"" Handles",Other Attachment,Functional Training
F-CARABINER-8,Force USA Oval Black Carabiner (Set of 8),Other Attachment,Functional Training
S-ERG-ST,Concept 2 SkiErg Floor Stand,Other Attachment,Functional Training
IT9504,Impulse Pectorial 200lb Stack,Pec Deck Machine,Functional Training
IT9515-IG,Impulse Pec Fly/Rear Delt 235lb Stack,Pec Deck Machine,Functional Training
PL9022-IG,Impulse Studio Pec Deck/Rear Delt w/ 250lb Stack,Pec Deck Machine,Functional Training
F-S-RDPF,Force USA Solitude Rear Deltoid / Pec Fly Machine,Pectoral and Rear Delt Fly Machine,Functional Training
IF9315-IG,Impulse IF9315 Pec Fly Rear Delt,Pectoral and Rear Delt Fly Machine,Functional Training
F-PEGBOARD-PINS-10,Force USA Pegboard Pins (Set of 10),Peg Board,Functional Training
F-S-ABE,Force USA Solitude Abdominal / Back Extension Machine,Pin Loaded Back and Core Machine,Functional Training
PL9024-IG,Impulse Studio Ab/Low Back,Pin Loaded Back and Core Machine,Functional Training
F-S-LPSR,Force USA Solitude Lat Pulldown / Seated Row Dual Function Pin Loaded Machine,Pin Loaded Rowing Machine,Functional Training
IT9519-IG,Impulse Seated Row 235lb Stack,Pin Loaded Rowing Machine,Functional Training
PL9016-IG,Impulse Studio Inner/Outer Thigh,Pin Loaded Thigh Machine,Functional Training
F-PVC-PLYO,Force USA PVC Plyo Box,Plyometric Box,Functional Training
ZPBS-1035,Nike Soft Plyo Box,Plyometric Box,Functional Training
ZPBS-3035,Nike Soft Plyo Box,Plyometric Box,Functional Training
CHR.1,Centr Half Rack,Power Rack,Functional Training
F-MYRACK-HALF,Force USA Half Power Rack,Power Rack,Functional Training
F-MYRACK-MULTI,Force USA Multi Grip Pull-Up Bar,Power Rack,Functional Training
F-MYRACK-SPACESAVER,Force USA MyRack SpaceSaver,Power Rack,Functional Training
F-PTPR-V2,Force USA PT Power Rack,Power Rack,Functional Training
F-RIG-9UP,Force USA 9ft Upright,Power Rack,Functional Training
MS01-WX,Impulse MS Series Half Rack,Power Rack,Functional Training
MS02-WX,Impulse MS Series Power Rack,Power Rack,Functional Training
PR-4000,REP Fitness PR-4000 Power Rack,Power Rack,Functional Training
PR-5000,REP Fitness PR-5000 Power Rack,Power Rack,Functional Training
RCTL-1193,Nike Strength Squat Cage,Power Rack,Functional Training
RHTL-1193,Nike Strength Half Rack,Power Rack,Functional Training
RRTL-1193,Nike Strength Squat Rack 93”,Power Rack,Functional Training
F-PTPPACK1,Force Usa PTP Rack Package 1,Power Rack Package,Functional Training
F-PTPPACK2,Force USA PTP Rack Package 2,Power Rack Package,Functional Training
F-PTPPACK3,Force USA PTP Rack Package 3,Power Rack Package,Functional Training
F-RIG-ORIGIN,Force USA Origin Rig Package,Power Rack Package,Functional Training
F-RIG-PACK1,Force USA Functional 7ft Power Rack,Power Rack Package,Functional Training
F-RIG-PACK2,Force USA Freestanding 4 Cell Rig,Power Rack Package,Functional Training
F-RIG-PACK3,Force USA Freestanding 6 Cell Rig,Power Rack Package,Functional Training
F-RIG-PACK4,Force USA Wall Mounted 3 Cell Rig,Power Rack Package,Functional Training
F-VKR,Force USA Power Tower,Power Tower Gym,Functional Training
HBT,CENTR X HYROX Competition Rig Target,RIG TARGET,Functional Training
HPR-4T,"CENTR X HYROX Perform Rig | 4, 6, or 8 Targets",RIG TARGET,Functional Training
HPR-6T,"CENTR X HYROX Perform Rig | 4, 6, or 8 Targets",RIG TARGET,Functional Training
HPR-8T,"CENTR X HYROX Perform Rig | 4, 6, or 8 Targets",RIG TARGET,Functional Training
IZCFA12,Impulse MS Series Wall Ball Target,RIG TARGET,Functional Training
RB1,PTP Reaction Ball,Reaction Ball,Functional Training
PTP E10,PTP Door Anchor,Resistance Band Attachment,Functional Training
PUB1,PTP Pull Up Bar,Resistance Band Attachment,Functional Training
BAND-L-GRE,Force USA Super Bands,Resistance Bands,Functional Training
BAND-M-PUR,Force USA Super Bands,Resistance Bands,Functional Training
BAND-S-ORA,Force USA Super Bands,Resistance Bands,Functional Training
BAND-XS-RED,Force USA Super Bands,Resistance Bands,Functional Training
MB2,PTP Mediband Light (Lime),Resistance Bands,Functional Training
MICRO1,PTP Microband Ultra Light (Pink),Resistance Bands,Functional Training
PTP E2,PTP Powertube - Light,Resistance Tube,Functional Training
PTP E3,PTP Powertube - Medium,Resistance Tube,Functional Training
PTP9002,PTP Resistance System,Resistance Tube,Functional Training
F-FRACTIONAL,Force USA Fractional Weight Stack Plate (Set of 2 x 1.5kg),Rig and Rack Attachments,Functional Training
F-G12-TVMOUNT,Force USA TV Mounting Bracket Attachment,Rig and Rack Attachments,Functional Training
F-G20-LATROW,Force USA G20™ All-In-One Trainer - Lat Row Station Upgrade,Rig and Rack Attachments,Functional Training
F-G20-TVMOUNT,Force USA TV Mounting Bracket Attachment,Rig and Rack Attachments,Functional Training
F-G3-CHIN-01,Force USA G3™ Pull-up Bar Upgrade Kit,Rig and Rack Attachments,Functional Training
F-G6-B-TVMOUNT,Force USA TV Mounting Bracket Attachment,Rig and Rack Attachments,Functional Training
F-HYBRID-J-HOOKS,Force USA Hybrid J-Hook,Rig and Rack Attachments,Functional Training
F-JHOOK-3,Force USA J-Hook (Pair),Rig and Rack Attachments,Functional Training
F-LOWROW-FP,Force USA Low Row Foot Plate,Rig and Rack Attachments,Functional Training
F-MR-CHIN01,Force USA MyRack Chin Up Option 1,Rig and Rack Attachments,Functional Training
F-MR-MONO,Force USA MyRack Mono-Lift (Sold in Pair),Rig and Rack Attachments,Functional Training
F-MR-PEG,Force USA MyRack Band Pegs,Rig and Rack Attachments,Functional Training
F-MR-SAFE04,Force USA MyRack Safety Option 4,Rig and Rack Attachments,Functional Training
F-MR-SEAT,Force USA MyRack Seat/Lat for Cable Cross Attachment,Rig and Rack Attachments,Functional Training
F-MYRACK-BOX,Force USA Box Safeties,Rig and Rack Attachments,Functional Training
F-MYRACK-KNEE,Force USA Knee Holder Attachment,Rig and Rack Attachments,Functional Training
F-MYRACK-LAT,Force USA MyRack Lat Pull Down Attachment,Rig and Rack Attachments,Functional Training
F-PIN-4,Force USA Magpin (Set of 4),Rig and Rack Attachments,Functional Training
F-PTPR-LAT-V2,Force USA PT Power Rack Lat Pull Down Attachment,Rig and Rack Attachments,Functional Training
F-PULLUP-HANDLE,Force USA Pull Up Bar Handle (Pair),Rig and Rack Attachments,Functional Training
F-RACK-DIP,Force USA Dip Handles,Rig and Rack Attachments,Functional Training
F-RACK-JHOOK-C,Force USA MyRack Conventional J-Hook,Rig and Rack Attachments,Functional Training
F-RACK-JHOOK-S,Force USA MyRack Sandwich J-Hook,Rig and Rack Attachments,Functional Training
F-RACK-LANDMINE,Force USA Landmine Attachment,Rig and Rack Attachments,Functional Training
F-RACK-SPOTTER,Force USA Front Spotter Arms,Rig and Rack Attachments,Functional Training
F-RACK-WEIGHT,Force USA MyRack Weight Plate Holders,Rig and Rack Attachments,Functional Training
F-RIG-12UP,Force USA 12ft Upright,Rig and Rack Attachments,Functional Training
F-RIG-2FTPIN,Force USA 2FT Pin & Pipe Safeties (Pair),Rig and Rack Attachments,Functional Training
F-RIG-4FTBOX,Force USA 4FT Box Safety (Pair),Rig and Rack Attachments,Functional Training
F-RIG-4FTPIN,Force USA 4FT Pin & Pipe Safeties (Pair),Rig and Rack Attachments,Functional Training
F-RIG-6FTMB,Force USA 6FT Single Monkey Bar - Lasercut,Rig and Rack Attachments,Functional Training
F-RIG-9FTU,Force USA 9FT Upright - Lasercut Holes & Numbers,Rig and Rack Attachments,Functional Training
F-RIG-BOX,Force USA Rig Box Safeties,Rig and Rack Attachments,Functional Training
F-RIG-LOGO,4FT Cross Bar - Lasercut Force USA Logo,Rig and Rack Attachments,Functional Training
F-RIG-PLATE,Force USA Logo Plate,Rig and Rack Attachments,Functional Training
F-RIG-SLING,Force USA Sling Safeties,Rig and Rack Attachments,Functional Training
F-SWIVEL-SEAT,Force USA Swivel Seat,Rig and Rack Attachments,Functional Training
HRBC,CENTR x HYROX Perform Rig - Bar Catch (Front Spotter Arms - 2 Pieces),Rig and Rack Attachments,Functional Training
HRBS,CENTR x HYROX Perform Rig - Bar Support (J Hooks - 2 pieces),Rig and Rack Attachments,Functional Training
HRDP,CENTR x HYROX Perform Rig - Double Play (Bar / Weight Storage),Rig and Rack Attachments,Functional Training
HRDS,CENTR x HYROX Perform Rig - Dip Step Anchor (Pair),Rig and Rack Attachments,Functional Training
HRLBPA,CENTR x HYROX Perform Rig - Lower Band Peg Attachment,Rig and Rack Attachments,Functional Training
HRLM,CENTR x HYROX Perform Rig - Landmine Attachment,Rig and Rack Attachments,Functional Training
IZCFA16,Impulse MS Series Heavy Bag Hanger,Rig and Rack Attachments,Functional Training
MS43-WX,Impulse MS Series Adjustable Utility Pin,Rig and Rack Attachments,Functional Training
MS45-WX,Impulse MS Series Foam Roller Pad,Rig and Rack Attachments,Functional Training
PR-4002-RBS,REP Fitness Rear Base Stabiliser PR-4000 2.0,Rig and Rack Attachments,Functional Training
PR-5002-CR-41-MBLK,"REP Fitness Two 41"" Crossmembers for PR-5000",Rig and Rack Attachments,Functional Training
PRA-4002,REP Fitness Standard J-Cups 2.0 PR-4000,Rig and Rack Attachments,Functional Training
PRA-4012,REP Fitness Flat Sandwich J-Cups for PR-4000,Rig and Rack Attachments,Functional Training
PRA-4410-12,REP Fitness 12” Weight Horns PR-4000,Rig and Rack Attachments,Functional Training
PRA-4700-93,"REP Fitness Plate-Loaded Lat Pulldown & Low Row PR-4000 93""",Rig and Rack Attachments,Functional Training
PRA-4750,REP Fitness Pegasus Upright Seat Attachment (4000 & 5000),Rig and Rack Attachments,Functional Training
PRA-5013,REP Fitness Flat Sandwich J-Cups 3.0 PR-5000,Rig and Rack Attachments,Functional Training
PRA-5112-30,"REP Fitness 30"" Flip-Down Safeties PR-5000",Rig and Rack Attachments,Functional Training
PRA-5112-48,"REP Fitness 41"" Flip-Down Safeties PR-5000",Rig and Rack Attachments,Functional Training
PRA-5422,REP Fitness Dual Barbell Hanger,Rig and Rack Attachments,Functional Training
PRA-5440,REP Fitness Utility Seat,Rig and Rack Attachments,Functional Training
PRA-5440-PAD,REP Fitness Utility Seat Pad,Rig and Rack Attachments,Functional Training
PRA-5702-93,"REP Fitness Plate-Loaded Lat Pulldown & Low Row PR-5000 93""",Rig and Rack Attachments,Functional Training
PRA-5750,REP Fitness Pegasus Upright Seat Attachment (4000 & 5000),Rig and Rack Attachments,Functional Training
PRA-5850-PAIR,REP Fitness  ISO Arms,Rig and Rack Attachments,Functional Training
PRA-FT-4002-DUAL-6-8024-S,"REP Fitness Ares 2.0 - 4000 Series 6 Post - 80""x 24""",Rig and Rack Attachments,Functional Training
PRA-FT-4002-DUAL-6-9324-S,"REP Fitness Ares 2.0 - 4000 Series 6 Post - 93""x 24""",Rig and Rack Attachments,Functional Training
PRA-FT-5002-DUAL-6-8030-S,REP Fitness Ares 2.0 - 5000 Series 6 Post,Rig and Rack Attachments,Functional Training
PRA-FT-5002-DUAL-6-9330-S,REP Fitness Ares 2.0 - 5000 Series 6 Post,Rig and Rack Attachments,Functional Training
PRA-FT-5002-DUAL-6-9341-S,REP Fitness Ares 2.0 - 5000 Series 6 Post,Rig and Rack Attachments,Functional Training
PRA-FT-ARES-02-UPGRADE,REP Fitness Ares 2.0 - Weight Stack Upgrade,Rig and Rack Attachments,Functional Training
QP-12200,NOHrD Multi Adapter,Rig and Rack Attachments,Functional Training
QP-12201,NOHrD Multi Adapter,Rig and Rack Attachments,Functional Training
QP-12212,NOHrD Extension Bar,Rig and Rack Attachments,Functional Training
QP-12221,NOHrD Wall Bar Bench,Rig and Rack Attachments,Functional Training
QP-12230,NOHrD Combi Trainer,Rig and Rack Attachments,Functional Training
QP-15207,NOHrD Ankle Strap,Rig and Rack Attachments,Functional Training
QP-15216,NOHrD Aliminium Lat Bar,Rig and Rack Attachments,Functional Training
QP-15222,NOHrD Extension Handle,Rig and Rack Attachments,Functional Training
TDTL-1199,Nike Strength Dip Station,Rig and Rack Attachments,Functional Training
TSJC-1299,Nike Strength Premium J-Cups,Rig and Rack Attachments,Functional Training
TSTL-1199,Nike Strength Spotter Arms,Rig and Rack Attachments,Functional Training
SR104-BBL,RPM SESSION 4 Speed Rope,Rope Trainer,Functional Training
SR104-CHP,RPM SESSION 4 Speed Rope,Rope Trainer,Functional Training
SR104-KWV-STB,RPM SESSION 4 Speed Rope,Rope Trainer,Functional Training
SR104-RSE,RPM SESSION 4 Speed Rope,Rope Trainer,Functional Training
SR104-SOB,RPM SESSION 4 Speed Rope,Rope Trainer,Functional Training
SR104-STB,RPM SESSION 4 Speed Rope,Rope Trainer,Functional Training
SR104-STG-STB,RPM SESSION 4 Speed Rope,Rope Trainer,Functional Training
SR104-TBK,RPM SESSION 4 Speed Rope,Rope Trainer,Functional Training
SR104-TOP-TBK,RPM SESSION 4 Speed Rope,Rope Trainer,Functional Training
SR104-TWT,RPM SESSION 4 Speed Rope,Rope Trainer,Functional Training
SR104C-STB,RPM Comp4,Rope Trainer,Functional Training
SR104C-TBK,RPM Comp4,Rope Trainer,Functional Training
XERT-102,Torque USA Endless Rope Trainer,Rope Trainer,Functional Training
F-T20-GREY-V2-IG,Force USA EPDM Connector Zero Gap Tiles - Grey,Rubber Gym Flooring Tile,Functional Training
F-T20-WOOD-IG,Force USA Connector Zero Gap Tiles - Wood,Rubber Gym Flooring Tile,Functional Training
VF-CEP-BLACK-CORNER-IG,VersaFit Flooring Connector Elite Zero Gap Corner - Black,Rubber Gym Flooring Tile,Functional Training
VF-CEP-BLACK-EDGE-IG,VersaFit Flooring Connector Elite Zero Gap Edge - Black,Rubber Gym Flooring Tile,Functional Training
VF-CEP-BLACK-IG,VersaFit Flooring Connector Elite Zero Gap EPDM Tiles,Rubber Gym Flooring Tile,Functional Training
VF-CEP-IG,VersaFit Flooring Connector Elite Zero Gap EPDM Tiles,Rubber Gym Flooring Tile,Functional Training
VF-RT15-BF-V2,VersaFit Flooring Commercial Rubber Flooring Tiles  - 1m x 1m x 15mm,Rubber Gym Flooring Tile,Functional Training
VF-RT15-GF-V2,VersaFit Flooring Commercial Rubber Flooring Tiles  - 1m x 1m x 15mm,Rubber Gym Flooring Tile,Functional Training
VF-RT15-V2,VersaFit Flooring Commercial Rubber Flooring Tiles  - 1m x 1m x 15mm,Rubber Gym Flooring Tile,Functional Training
VF-RTE15-BF-V2,VersaFit Flooring Home Rubber Flooring Tiles - 1m x 1m x 15mm,Rubber Gym Flooring Tile,Functional Training
VF-RTE15-V2,VersaFit Flooring Home Rubber Flooring Tiles - 1m x 1m x 15mm,Rubber Gym Flooring Tile,Functional Training
VF-RTE50,VersaFit Flooring High Density Platform Tile - 1m x 1m x 50mm,Rubber Gym Flooring Tile,Functional Training
VF-SAMPLE,VersaFit Rubber Gym Tiles Sample Pack,Rubber Gym Flooring Tile,Functional Training
HSB10,CENTR X HYROX Competition Sandbag,Sand Bags,Functional Training
HSB20,CENTR X HYROX Competition Sandbag,Sand Bags,Functional Training
HSB30,CENTR X HYROX Competition Sandbag,Sand Bags,Functional Training
IFP1302-WX,Impulse IFP1302 Seated Row,Seated Row Machine,Functional Training
F-S-CSP,Force USA Solitude Chest / Shoulder Press Machine,Shoulder Press Machine,Functional Training
IF9312-IG,Impulse IF9312 Shoulder Press,Shoulder Press Machine,Functional Training
IFP1101-WX,Impulse IFP1101 Seated Shoulder Press,Shoulder Press Machine,Functional Training
IT9512-IG,Impulse Shoulder Press 200lb Stack,Shoulder Press Machine,Functional Training
SL7003,Impulse SL7003 Shoulder Press,Shoulder Press Machine,Functional Training
F-SR1,Force USA SR1 Speed Rope,Skipping Rope,Functional Training
F-SB10,Force USA Slam Balls,Slam Balls,Functional Training
F-SB12,Force USA Slam Balls,Slam Balls,Functional Training
F-SB15,Force USA Slam Balls,Slam Balls,Functional Training
F-SB20,Force USA Slam Balls,Slam Balls,Functional Training
F-SB25,Force USA Slam Balls,Slam Balls,Functional Training
F-SB30,Force USA Slam Balls,Slam Balls,Functional Training
F-SB35,Force USA Slam Balls,Slam Balls,Functional Training
F-SB4,Force USA Slam Balls,Slam Balls,Functional Training
F-SB40,Force USA Slam Balls,Slam Balls,Functional Training
F-SB5,Force USA Slam Balls,Slam Balls,Functional Training
F-SB6,Force USA Slam Balls,Slam Balls,Functional Training
F-SB7,Force USA Slam Balls,Slam Balls,Functional Training
F-SB8,Force USA Slam Balls,Slam Balls,Functional Training
F-SB9,Force USA Slam Balls,Slam Balls,Functional Training
IT7001,Impulse Ultimate Smith Machine,Smith Machine,Functional Training
.REP-SSB,REP Fitness Safety Squat Bar,Specialty Bar,Functional Training
750-00301-00-(IG),PowerBlock EZ Curl Bar (For Pro 50/Pro EXP),Specialty Bar,Functional Training
BB-4312,REP Fitness Cambered Swiss Bar,Specialty Bar,Functional Training
BBA-4211-2,REP Fitness Open Trap Bar Standard Handle,Specialty Bar,Functional Training
BCCO-0222,Nike Strength Shield Curl Bar – 10kg,Specialty Bar,Functional Training
BOTK-0164,Nike Strength Open Trap Bar – Black / Orange,Specialty Bar,Functional Training
BSCK-0222,Nike Strength Curl Bar – 10kg,Specialty Bar,Functional Training
F-HEXBAR,Force USA Hex Bar,Specialty Bar,Functional Training
F-TRAPBAR-02,Force USA Walkthrough Open Trap Bar,Specialty Bar,Functional Training
MS7042-WX,Impulse Farmer's Walk Bar,Specialty Bar,Functional Training
OCB,Force USA Olympic EZ Curl Barbell,Specialty Bar,Functional Training
OTB,Force USA Olympic Tricep Barbell,Specialty Bar,Functional Training
F-BULGARIAN,Force USA Bulgarian Split Squat,Squat Machine,Functional Training
F-SISSYSQUAT,Force USA Sissy Squat,Squat Machine,Functional Training
SL7057,Impulse SL7057 Pendulum Squat,Squat Machine,Functional Training
RSTL-1170,Nike Strength Squat Stand – Bundle,Squat Stand,Functional Training
F-OSSB,Force USA Olympic Safety Squat Barbell,Standard Barbells (28mm),Functional Training
STB,Force USA Standard Tricep Barbell,Standard Barbells (28mm),Functional Training
F-SRFUN,Force USA Functional Storage Rack,Storage,Functional Training
MS704001-WX,Impulse MS Series Storage Rack Frame,Storage,Functional Training
MS704004-WX,Impulse MS Series Ball Storage Rack,Storage,Functional Training
XTM1-WMSS-101,Torque USA Tank™ M1 Wall-Mounted Storage System,Storage,Functional Training
IFP1305-WX,Impulse IFP1305 T-Bar Row,T-Bar Row,Functional Training
XTWMH-101,Torque USA M1 Wall-Mounted Hanger,Torque USA Attachments,Functional Training
IT9518-IG,Impulse Torso Rotation 200lb Stack,Torso Trainer,Functional Training
BB-4211,REP Fitness Open Trap Bar,Trap Bar,Functional Training
F-WB12-V2,Force USA Elite Wall Balls,Wall Balls,Functional Training
F-WB6-V2,Force USA Elite Wall Balls,Wall Balls,Functional Training
F-WB9-V2,Force USA Elite Wall Balls,Wall Balls,Functional Training
HWB4,CENTR X HYROX Competition Wall Ball,Wall Balls,Functional Training
HWB6,CENTR X HYROX Competition Wall Ball,Wall Balls,Functional Training
HWB9,CENTR X HYROX Competition Wall Ball,Wall Balls,Functional Training
F-BPBST-V2,Force USA Bumper Plate and Barbell Storage Tree,Weight Plate Storage,Functional Training
MS704002-WX,Impulse MS Series Bumper Plate Storage,Weight Plate Storage,Functional Training
SSAS-1099,Nike Strength Plate Tree & Barbell Holder,Weight Plate Storage,Functional Training
THFS-1199,Nike Strength Half Rack Flat Storage Shelf,Weight Plate Storage,Functional Training
F-TACTICALVEST-B,Force USA Tactical Training Vest,Weight Vest,Functional Training
F-TACTICALVEST-CAMO,Force USA Camo Tactical Training Vest,Weight Vest,Functional Training
WVEST-V2,Force USA Weight Vest - 30kg,Weight Vest,Functional Training
F-VESTPLATE20,Force USA 2x 10kg Curved Weight Vest Plate ( Sold as Pair),Weight Vest Plate,Functional Training
F-VESTPLATE3-V2,Force USA 2x 2kg Curved Weight Vest Plate (Sold as Pair),Weight Vest Plate,Functional Training
F-VESTPLATE8-V2,Force USA 2x 4.5kg Curved Weight Vest Plate (Sold as Pair),Weight Vest Plate,Functional Training
22310,Harbinger FirmFit™ Contoured Belt,Weightlifting Belt,Functional Training
22320,Harbinger FirmFit™ Contoured Belt,Weightlifting Belt,Functional Training
22330,Harbinger FirmFit™ Contoured Belt,Weightlifting Belt,Functional Training
22340,Harbinger FirmFit™ Contoured Belt,Weightlifting Belt,Functional Training
23310,Harbinger 5 Inch Foam Core Belt,Weightlifting Belt,Functional Training
23320,Harbinger 5 Inch Foam Core Belt,Weightlifting Belt,Functional Training
23330,Harbinger 5 Inch Foam Core Belt,Weightlifting Belt,Functional Training
23340,Harbinger 5 Inch Foam Core Belt,Weightlifting Belt,Functional Training
28410,Harbinger 4-Inch Padded Leather Belt,Weightlifting Belt,Functional Training
28440,Harbinger 4-Inch Padded Leather Belt,Weightlifting Belt,Functional Training
BWTS,Centr Bodyweight Training Straps (Pair),Wrist Straps,Functional Training
F-YOGAMAT,Force USA Yoga Mat,Yoga Mat,Functional Training
F-YOGAMAT-HANGER,Force USA Yoga Mat Hanger,Yoga Mat,Functional Training
BW1.1,Centr Body Weight Home Gym Machine,Home Gym,Home Gyms
F-HG100,Force USA HG100 Home Gym,Home Gym,Home Gyms
F-HGPRO2,Force USA Multi Gym Pro 2,Home Gym,Home Gyms
F-MG4,Force USA Multi Gym 4,Home Gym,Home Gyms
IT9527-IG,Impulse 4 Stack Multi Gym 4 X 235Lb Stacks,Home Gym,Home Gyms
F-CKB10-V3,Force USA Competition Kettlebells V3,Cast Iron Kettlebells,Kettlebells
F-CKB12-V3,Force USA Competition Kettlebells V3,Cast Iron Kettlebells,Kettlebells
F-CKB16-V3,Force USA Competition Kettlebells V3,Cast Iron Kettlebells,Kettlebells
F-CKB20-V3,Force USA Competition Kettlebells V3,Cast Iron Kettlebells,Kettlebells
F-CKB24-V3,Force USA Competition Kettlebells V3,Cast Iron Kettlebells,Kettlebells
F-CKB28-V3,Force USA Competition Kettlebells V3,Cast Iron Kettlebells,Kettlebells
F-CKB32-V3,Force USA Competition Kettlebells V3,Cast Iron Kettlebells,Kettlebells
F-CKB8-V3,Force USA Competition Kettlebells V3,Cast Iron Kettlebells,Kettlebells
KRCU-GC08,Nike Strength Rubber Coated Kettlebell,Cast Iron Kettlebells,Kettlebells
KRCU-GC12,Nike Strength Rubber Coated Kettlebell,Cast Iron Kettlebells,Kettlebells
KRCU-GC16,Nike Strength Rubber Coated Kettlebell,Cast Iron Kettlebells,Kettlebells
KRCU-GC20,Nike Strength Rubber Coated Kettlebell,Cast Iron Kettlebells,Kettlebells
KRCU-GC24,Nike Strength Rubber Coated Kettlebell,Cast Iron Kettlebells,Kettlebells
HKT2025,CENTR X HYROX 2025 Collectible Kettlebell,Competition Kettlebells,Kettlebells
HUOKB16,CENTR X HYROX Competition Octo Kettlebell,Competition Kettlebells,Kettlebells
HUOKB24,CENTR X HYROX Competition Octo Kettlebell,Competition Kettlebells,Kettlebells
HUOKB32,CENTR X HYROX Competition Octo Kettlebell,Competition Kettlebells,Kettlebells
MS704003-WX,Impulse MS Series Kettlebell Storage Rack,Kettlebell Storage,Kettlebells
AS-ARWP,Assault Fitness  AssaultRower Pro,Air Rower,Other Equipment
F-R3,Force USA R3 Air Rower,Air Rower,Other Equipment
PFRW98120-INT,ProForm Pro R10 Rower,Air Rower,Other Equipment
ROW-TSR-101-F07,Torque USA Stealth Air™ Rower,Air Rower,Other Equipment
ROWERG,Concept 2 RowErg with Standard Legs,Air Rower,Other Equipment
STEPR-VPR-ROW,STEPR Rower XL VPR™,Air Rower,Other Equipment
AS-PACK1,Assault Fitness Cardio Workout Package,Cardio Package,Other Equipment
A003131,BLACKROLL Compression Boots,Compression Boots,Other Equipment
A003132,BLACKROLL Compression Boots,Compression Boots,Other Equipment
A003133,BLACKROLL Spare Batteries for Compression Boots,Compression Boots Battery Pack,Other Equipment
A30-XR Console,Matrix A30 Ascent Trainer,Cross Trainer,Other Equipment
E30-XIR Console,Matrix E30 Elliptical,Cross Trainer,Other Equipment
E30-XR Console,Matrix E30 Elliptical,Cross Trainer,Other Equipment
ECE5,Impulse Encore Cross Trainer,Cross Trainer,Other Equipment
FF-E3,Freeform Cardio E3 Elliptical Trainer,Cross Trainer,Other Equipment
PFEL07523-INT,Proform Trainer HL Stepper,Cross Trainer,Other Equipment
PFEL54925-INT,Proform Sport Elliptical,Cross Trainer,Other Equipment
PFEL55925-INT,Proform Carbon EL Elliptical,Cross Trainer,Other Equipment
RE500,Impulse RE500 Elliptical,Cross Trainer,Other Equipment
S-600E-F(IG),Vision Fitness Elliptical S600E,Cross Trainer,Other Equipment
S60-05,Vision Fitness S60 Performance Suspension Elliptical,Cross Trainer,Other Equipment
RE700,Impulse RE700 Elliptical,Elliptical Trainers,Other Equipment
AB-TS-T800-INTL-102-F07,Torque USA Air Bike Stealth T800 International (Satin Black),Fan Bike,Other Equipment
AS-ABPX,Assault Fitness AssaultBike Pro X,Fan Bike,Other Equipment
AS-ASSAULTB,Assault Fitness AssaultBike Classic,Fan Bike,Other Equipment
BikeErg,Concept 2 Bike Erg with PM5 Monitor,Fan Bike,Other Equipment
FF-AIR,Freeform Cardio Air Bike,Fan Bike,Other Equipment
STEPR-VPR-BIO,STEPR Bionic Bike XL VPR™,Fan Bike,Other Equipment
STEPR-VPR-CYCLE,STEPR Cycle XL VPR™,Fan Bike,Other Equipment
297,TriggerPoint NANO Foot Roller,Foam Roller / Therapy Roller,Other Equipment
3339,TriggerPoint Grid Vibe Plus Roller,Foam Roller / Therapy Roller,Other Equipment
3341,TriggerPoint Charge Vibe,Foam Roller / Therapy Roller,Other Equipment
F-BLACK-FOAMROLLER,Force USA Foam Roller - 90cm (Black),Foam Roller / Therapy Roller,Other Equipment
FRR-SMALL-30,PTP Fascia Release Roller Small,Foam Roller / Therapy Roller,Other Equipment
MTR FIRM LARGE,PTP Massage Therapy Firm - LARGE | FIRM,Foam Roller / Therapy Roller,Other Equipment
F-HRM,Force USA Heart Rate Monitor,Heart Rate Monitor,Other Equipment
FIIT-HR-TRACKER,FIIT Tracker,Heart Rate Monitor,Other Equipment
R-ICEACRYK-BLK-CHILLER-COM-2HP,Revel Edur Noir Ice Bath Tub - Acrylic Ice Bath,Ice Bath,Other Equipment
R-ICEACRYK-BLK-CHILLER-XY-08-S,Revel Edur Noir Ice Bath Tub - Acrylic Ice Bath,Ice Bath,Other Equipment
R-ICEACRYK-BLK-CHILLER-XY-10-M,Revel Edur Noir Ice Bath Tub - Acrylic Ice Bath,Ice Bath,Other Equipment
R-ICEACRYK-BLK-CHILLER-XY-20-L,Revel Edur Noir Ice Bath Tub - Acrylic Ice Bath,Ice Bath,Other Equipment
R-ICEACRYK-BLK-ICECHILL-SY-10-I,Revel Edur Noir Ice Bath Tub - Acrylic Ice Bath,Ice Bath,Other Equipment
R-ICEACRYLIC,Revel Recovery Edur Ice Bath,Ice Bath,Other Equipment
R-ICEDUO-V2-CHILLER-COM-2HP-IG,Revel Glacier Duo – Premium Cedar Ice Bath,Ice Bath,Other Equipment
R-ICEDUO-V2-CHILLER-XY-10-M,Revel Glacier Duo – Premium Cedar Ice Bath,Ice Bath,Other Equipment
R-ICEDUO-V2-CHILLER-XY-20-L,Revel Glacier Duo – Premium Cedar Ice Bath,Ice Bath,Other Equipment
R-ICEDUO-V2-ICECHILL-SY-10-I,Revel Glacier Duo – Premium Cedar Ice Bath,Ice Bath,Other Equipment
R-ICESOLO-V3-CHILLER-COM-2HP-IG,Revel Glacier Solo – Premium Cedar Ice Bath,Ice Bath,Other Equipment
R-ICESOLO-V3-CHILLER-XY-08-S,Revel Glacier Solo – Premium Cedar Ice Bath,Ice Bath,Other Equipment
R-ICESOLO-V3-CHILLER-XY-10-M,Revel Glacier Solo – Premium Cedar Ice Bath,Ice Bath,Other Equipment
R-ICESOLO-V3-CHILLER-XY-20-L,Revel Glacier Solo – Premium Cedar Ice Bath,Ice Bath,Other Equipment
R-ICESOLO-V3-ICECHILL-SY-10-I,Revel Glacier Solo – Premium Cedar Ice Bath,Ice Bath,Other Equipment
A003467,BLACKROLL Air Lounger,Inflatable Lounger,Other Equipment
R-FI-3P,Revel Saunas Kora - 3 Person Far Infrared Sauna,Infrared Sauna,Other Equipment
R-FS-CABIN-2P-V2,Eclipse - 2 Person Full Spectrum Infrared Cabin Sauna,Infrared Sauna,Other Equipment
R-FS-PREM-2P,Revel Recovery Nova Infrared 2 Person Sauna,Infrared Sauna,Other Equipment
R-FS-PREM-3P,Revel Recovery Nova Infrared 3 Person Sauna,Infrared Sauna,Other Equipment
MYOSPHERE BLK,PTP Myosphere Black,Massage Ball,Other Equipment
MINI-PKG-AU,Theragun Mini,Massage Gun,Other Equipment
R-MASSAGEPRO,Revel Recovery Massage Gun Pro,Massage Gun,Other Equipment
4429,TriggerPoint Acucurve Cane,Massage Stick,Other Equipment
FF-RB7-V2,Freeform Cardio RB7 Recumbent Bike,Recumbent Bike,Other Equipment
R-600E-F(IG),Vision Fitness Recumbent Bike R600E,Recumbent Bike,Other Equipment
R30-XIR Console,Matrix R30 Recumbent Bike,Recumbent Bike,Other Equipment
R30-XR Console,Matrix R30 Recumbent Bike,Recumbent Bike,Other Equipment
R60-04,Vision Fitness R60 Performance Recumbent Bike,Recumbent Bike,Other Equipment
F-SKI-TRAINER & STAND,Force USA Ski Trainer,Ski Trainer,Other Equipment
S-ERG,Concept 2 Ski Erg,Ski Trainer,Other Equipment
STEPR-VPR-SKI,STEPR Ski XL VPR™,Ski Trainer,Other Equipment
XRR-SKI-101,Torque USA Relentless Ripper,Ski Trainer,Other Equipment
100893,Schwinn 800IC (IC8) Indoor Cycling Bike,Spin Bike,Other Equipment
V-PULSE,Vortex Pulse Spin Bike,Spin Bike,Other Equipment
V-V1600,Vortex V1600 Spin Bike,Spin Bike,Other Equipment
STEPR-CL,STEPR Classic Stair Climber (LED Console),Stair Climber,Other Equipment
STEPR-GO,STEPR Go - LED Console with Bluetooth Connectivity,Stair Climber,Other Equipment
STEPR-H-M,"STEPR+ Stair Climber (27"" Touchscreen)",Stair Climber,Other Equipment
STEPR-PRO-CL,STEPR PRO Classic Stair Climber (LED Console),Stair Climber,Other Equipment
STEPR-PRO-H,"STEPR PRO+ Stair Climber (27"" Touchscreen)",Stair Climber,Other Equipment
STEPR-XL-CL,STEPR XL - Classic,Stair Climber,Other Equipment
R-TR-3P-V2,Revel Saunas Tampere - 3 Person Traditional Finnish Sauna with Step,Traditional Sauna,Other Equipment
R-TR-4P-V2,Revel Recovery Tampere 3 Person Traditional Finnish Sauna,Traditional Sauna,Other Equipment
ECU7,Impulse Encore Upright Bike,Upright Bike,Other Equipment
FF-UB5,Freeform Cardio UB5 Upright Bike,Upright Bike,Other Equipment
RU700,Impulse RU700 Upright Bike,Upright Bike,Other Equipment
U-30-02-F-XIR Console,Matrix U30 Upright Bike,Upright Bike,Other Equipment
U-30-02-F-XR Console,Matrix U30 Upright Bike,Upright Bike,Other Equipment
U-600E-F(IG),Vision Fitness Upright U600E,Upright Bike,Other Equipment
U60-04,Vision Fitness U60 Performance Upright Bike,Upright Bike,Other Equipment
129HOME,WaterRower A1 Home with A1 Monitor,Water Resistance Rowing Machine,Other Equipment
150S4RETAIL,WaterRower Club S4,Water Resistance Rowing Machine,Other Equipment
510-S4,WaterRower M1 HiRise WaterRower,Water Resistance Rowing Machine,Other Equipment
AC2990-IG,Impulse AC Treadmill,Electric Treadmill,Treadmills
BOWFLEX-T6,Bowflex T6 Treadmill,Electric Treadmill,Treadmills
BOWFLEX-T9,Bowflex T9 Treadmill,Electric Treadmill,Treadmills
F-GLIDE-T2,Force USA Glide Treadmill,Electric Treadmill,Treadmills
FF-T10,Freeform Cardio T10 Treadmill,Electric Treadmill,Treadmills
FF-T20,Freeform Cardio T20 Treadmill,Electric Treadmill,Treadmills
PFTL10925-INT,ProForm Carbon Pro 2000 Treadmill,Electric Treadmill,Treadmills
PFTL16925-INT,Proform Carbon Pro 9000 Treadmill,Electric Treadmill,Treadmills
PFTL38825-INT,Proform Sport Treadmill,Electric Treadmill,Treadmills
PFTL79925-INT,Proform Carbon TLS Treadmill,Electric Treadmill,Treadmills
PFTL90925-INT,ProForm Carbon TLX Treadmill,Electric Treadmill,Treadmills
RT700,Impulse Treadmill RT700,Electric Treadmill,Treadmills
RUNR,Centr Runr Treadmill,Electric Treadmill,Treadmills
RUNR-S,Centr Runr-S Treadmill,Electric Treadmill,Treadmills
T600-03,Vision Fitness T600 Performance Treadmill,Electric Treadmill,Treadmills
T600-E-02,Vision Fitness Treadmill T600E-02,Electric Treadmill,Treadmills
TREAD-XP,Horizon Treadmill Tread XP,Electric Treadmill,Treadmills
AS-ARC,Assault Fitness Runner Classic,Manual Treadmill,Treadmills
AS-ARE,AssaultRunner Elite,Manual Treadmill,Treadmills
AS-ARP,Assault Fitness AssaultRunner Pro,Manual Treadmill,Treadmills
NMT.3,CENTR X HYROX Perform Tread,Manual Treadmill,Treadmills
STEPR-VPR-TREAD,STEPR Treadsled XL VPR™,Manual Treadmill,Treadmills
F-PGB10C,Force USA Pro Grade Coloured Bumper Plates (Sold individually),Bumper Plates,Weight Plates
F-PGB15C,Force USA Pro Grade Coloured Bumper Plates (Sold individually),Bumper Plates,Weight Plates
F-PGB20C,Force USA Pro Grade Coloured Bumper Plates (Sold individually),Bumper Plates,Weight Plates
F-PGB25C,Force USA Pro Grade Coloured Bumper Plates (Sold individually),Bumper Plates,Weight Plates
F-PGB5C,Force USA Pro Grade Coloured Bumper Plates (Sold individually),Bumper Plates,Weight Plates
F-UTBP10,Force USA Ultimate Training Bumper Plates (Sold individually),Bumper Plates,Weight Plates
F-UTBP15,Force USA Ultimate Training Bumper Plates (Sold individually),Bumper Plates,Weight Plates
F-UTBP20,Force USA Ultimate Training Bumper Plates (Sold individually),Bumper Plates,Weight Plates
F-UTBP25,Force USA Ultimate Training Bumper Plates (Sold individually),Bumper Plates,Weight Plates
F-UTBP5,Force USA Ultimate Training Bumper Plates (Sold individually),Bumper Plates,Weight Plates
PBAK-1005,Nike Strength Rubber Bumper Plates (Sold Individually),Bumper Plates,Weight Plates
PBAK-1010,Nike Strength Rubber Bumper Plates (Sold Individually),Bumper Plates,Weight Plates
PBAK-1015,Nike Strength Rubber Bumper Plates (Sold Individually),Bumper Plates,Weight Plates
PBAK-1020,Nike Strength Rubber Bumper Plates (Sold Individually),Bumper Plates,Weight Plates
PBAK-1025,Nike Strength Rubber Bumper Plates (Sold Individually),Bumper Plates,Weight Plates
PCAK-0150,Nike Strength Change Plates (Sold Individually),Bumper Plates,Weight Plates
PCAK-2052,Nike Strength Change Plates (Sold Individually),Bumper Plates,Weight Plates
PCAK-4051,Nike Strength Change Plates (Sold Individually),Bumper Plates,Weight Plates
PCAK-5001,Nike Strength Change Plates (Sold Individually),Bumper Plates,Weight Plates
PCAK-6002,Nike Strength Change Plates (Sold Individually),Bumper Plates,Weight Plates
PGAK-1005,Nike Strength Grind Bumper Plates (Sold Individually),Bumper Plates,Weight Plates
PGAK-1010,Nike Strength Grind Bumper Plates (Sold Individually),Bumper Plates,Weight Plates
PGAK-1015,Nike Strength Grind Bumper Plates (Sold Individually),Bumper Plates,Weight Plates
PGAK-1020,Nike Strength Grind Bumper Plates (Sold Individually),Bumper Plates,Weight Plates
PGAK-9705,Nike Strength Grind Bumper Plates (Sold Individually),Bumper Plates,Weight Plates
PGAK-9710,Nike Strength Grind Bumper Plates (Sold Individually),Bumper Plates,Weight Plates
PGAK-9715,Nike Strength Grind Bumper Plates (Sold Individually),Bumper Plates,Weight Plates
PGAK-9720,Nike Strength Grind Bumper Plates (Sold Individually),Bumper Plates,Weight Plates
HUBP25,CENTR X HYROX 25kg Competition Interlocking Plate,Olympic Weight Plates,Weight Plates
PCGK-1101,Nike Strength Grind Change Plates,Olympic Weight Plates,Weight Plates
PCGK-1102,Nike Strength Grind Change Plates,Olympic Weight Plates,Weight Plates
PCGK-1150,Nike Strength Grind Change Plates,Olympic Weight Plates,Weight Plates
PCGK-1151,Nike Strength Grind Change Plates,Olympic Weight Plates,Weight Plates
PCGK-1152,Nike Strength Grind Change Plates,Olympic Weight Plates,Weight Plates
RCOWP050,Force USA Rubber Coated 51mm Olympic Weight Plates (Sold individually),Olympic Weight Plates,Weight Plates
RCOWP1000,Force USA Rubber Coated 51mm Olympic Weight Plates (Sold individually),Olympic Weight Plates,Weight Plates
RCOWP125,Force USA Rubber Coated 51mm Olympic Weight Plates (Sold individually),Olympic Weight Plates,Weight Plates
RCOWP1500,Force USA Rubber Coated 51mm Olympic Weight Plates (Sold individually),Olympic Weight Plates,Weight Plates
RCOWP2000,Force USA Rubber Coated 51mm Olympic Weight Plates (Sold individually),Olympic Weight Plates,Weight Plates
RCOWP250,Force USA Rubber Coated 51mm Olympic Weight Plates (Sold individually),Olympic Weight Plates,Weight Plates
RCOWP2500,Force USA Rubber Coated 51mm Olympic Weight Plates (Sold individually),Olympic Weight Plates,Weight Plates
RCOWP500,Force USA Rubber Coated 51mm Olympic Weight Plates (Sold individually),Olympic Weight Plates,Weight Plates
